Department,TotalEmployees,AttritionRate,Year,PredictedAttrition
Technology,4375,0.2896,2023,1267
Sales,2211,0.39755766621438265,2023,879
Human Resources,313,0.36741214057507987,2023,115
Technology,4375,0.29539200000000004,2024,1292
Sales,2211,0.4055088195386703,2024,897
Human Resources,313,0.37476038338658146,2024,117
Technology,4375,0.30129984000000004,2025,1318
Sales,2211,0.41361899592944373,2025,915
Human Resources,313,0.3822555910543131,2025,120
