HireYear,AverageSalary
2012,136773.9271523179
2013,137178.6911764706
2014,124978.61029411765
2015,95198.58267716535
2016,87352.80701754386
2017,96130.96226415095
2018,102664.88235294117
2019,103801.93103448275
2020,126860.12598425196
2021,126728.33576642336
2022,96869.36774193548
