Department,AvgSalary,Year,PredictedAvgSalary
Human Resources,107629.55591054313,2023,110858.44
Sales,120568.30981456354,2023,125391.04
Technology,106245.32548571429,2023,111557.59
Human Resources,107629.55591054313,2024,114184.2
Sales,120568.30981456354,2024,130406.68
Technology,106245.32548571429,2024,117135.47
Human Resources,107629.55591054313,2025,117609.72
Sales,120568.30981456354,2025,135622.95
Technology,106245.32548571429,2025,122992.24
