Department,Salary
Human Resources,107629.55591054313
Sales,120568.30981456354
Technology,106245.32548571429
