Department,Attrition
Human Resources,19.047619047619047
Sales,20.62780269058296
Technology,13.839750260145681
