EducationLevel,Salary
Doctorate,154268.79166666666
Masters ,117641.05778894473
Bachelors ,115405.43006993007
High School ,105180.5354609929
No Formal Qualifications,94983.48235294118
